{"cameraMode":{"drawMode":0,"name":"Shaded","section":"Shading Mode"},"sceneLighting":false,"audioPlay":false,"sceneViewState":{"showFog":true,"showMaterialUpdate":false,"showSkybox":true,"showFlares":true,"showImageEffects":true,"showParticleSystems":true},"in2DMode":false,"pivot":{"x":-0.1902778148651123,"y":1.3358403444290162,"z":-1.1545157432556153},"rotation":{"x":0.4867321252822876,"y":0.5125237107276917,"z":-0.480330228805542,"w":0.5193209648132324},"size":5.56561279296875,"orthographic":false}