{"cameraMode":{"drawMode":0,"name":"Shaded","section":"Shading Mode"},"sceneLighting":false,"audioPlay":false,"sceneViewState":{"showFog":true,"showMaterialUpdate":false,"showSkybox":true,"showFlares":true,"showImageEffects":true,"showParticleSystems":true},"in2DMode":false,"pivot":{"x":9510.068359375,"y":3848.7177734375,"z":3826.078857421875},"rotation":{"x":0.37503814697265627,"y":0.29950475692749026,"z":-0.12951965630054475,"w":0.8676796555519104},"size":12829.1484375,"orthographic":false}