{"cameraMode":{"drawMode":0,"name":"Shaded","section":"Shading Mode"},"sceneLighting":false,"audioPlay":false,"sceneViewState":{"showFog":true,"showMaterialUpdate":false,"showSkybox":true,"showFlares":true,"showImageEffects":true,"showParticleSystems":true},"in2DMode":false,"pivot":{"x":9520.2529296875,"y":4077.706787109375,"z":3987.16455078125},"rotation":{"x":0.110408715903759,"y":0.17996087670326234,"z":-0.020324017852544786,"w":0.9772466421127319},"size":1477.41552734375,"orthographic":false}