{"cameraMode":{"drawMode":0,"name":"Shaded","section":"Shading Mode"},"sceneLighting":false,"audioPlay":false,"sceneViewState":{"showFog":true,"showMaterialUpdate":false,"showSkybox":true,"showFlares":true,"showImageEffects":true,"showParticleSystems":true},"in2DMode":false,"pivot":{"x":3258.723388671875,"y":1119.266845703125,"z":3539.979248046875},"rotation":{"x":0.4357554316520691,"y":0.008657808415591717,"z":-0.004220144357532263,"w":0.9000136256217957},"size":3762.127685546875,"orthographic":false}