{"cameraMode":{"drawMode":0,"name":"Shaded","section":"Shading Mode"},"sceneLighting":false,"audioPlay":false,"sceneViewState":{"showFog":true,"showMaterialUpdate":false,"showSkybox":true,"showFlares":true,"showImageEffects":true,"showParticleSystems":true},"in2DMode":false,"pivot":{"x":2663.370849609375,"y":1136.01513671875,"z":5356.40771484375},"rotation":{"x":0.4242948293685913,"y":0.5195698738098145,"z":-0.33261528611183169,"w":0.6628636121749878},"size":4927.57177734375,"orthographic":false}