{"cameraMode":{"drawMode":0,"name":"Shaded","section":"Shading Mode"},"sceneLighting":false,"audioPlay":false,"sceneViewState":{"showFog":true,"showMaterialUpdate":false,"showSkybox":true,"showFlares":true,"showImageEffects":true,"showParticleSystems":true},"in2DMode":false,"pivot":{"x":-0.2069999873638153,"y":0.20100000500679017,"z":0.03100000135600567},"rotation":{"x":-0.09204835444688797,"y":0.5366623997688294,"z":-0.05890443176031113,"w":-0.8366904854774475},"size":2.4761600494384767,"orthographic":false}