{"cameraMode":{"drawMode":0,"name":"Shaded","section":"Shading Mode"},"sceneLighting":false,"audioPlay":false,"sceneViewState":{"showFog":true,"showMaterialUpdate":false,"showSkybox":true,"showFlares":true,"showImageEffects":true,"showParticleSystems":true},"in2DMode":false,"pivot":{"x":4352.94580078125,"y":2990.4150390625,"z":4730.009765625},"rotation":{"x":0.07023056596517563,"y":-0.5362327098846436,"z":0.044802676886320117,"w":0.839949369430542},"size":16453.96484375,"orthographic":false}