{"cameraMode":{"drawMode":0,"name":"Shaded","section":"Shading Mode"},"sceneLighting":false,"audioPlay":false,"sceneViewState":{"showFog":true,"showMaterialUpdate":false,"showSkybox":true,"showFlares":true,"showImageEffects":true,"showParticleSystems":true},"in2DMode":false,"pivot":{"x":0.00006103515625,"y":339.71307373046877,"z":-0.000091552734375},"rotation":{"x":-0.11454035341739655,"y":-0.38245710730552676,"z":0.04796917736530304,"w":-0.9155905842781067},"size":2926.38818359375,"orthographic":false}