{"cameraMode":{"drawMode":0,"name":"Shaded","section":"Shading Mode"},"sceneLighting":false,"audioPlay":false,"sceneViewState":{"showFog":true,"showMaterialUpdate":false,"showSkybox":true,"showFlares":true,"showImageEffects":true,"showParticleSystems":true},"in2DMode":false,"pivot":{"x":2072.805908203125,"y":-5741.0048828125,"z":7711.75927734375},"rotation":{"x":-0.4953478276729584,"y":-0.020870178937911989,"z":0.011926686391234398,"w":-0.8683621287345886},"size":10578.9404296875,"orthographic":false}