{"cameraMode":{"drawMode":0,"name":"Shaded","section":"Shading Mode"},"sceneLighting":false,"audioPlay":false,"sceneViewState":{"showFog":true,"showMaterialUpdate":false,"showSkybox":true,"showFlares":true,"showImageEffects":true,"showParticleSystems":true},"in2DMode":false,"pivot":{"x":-13.5367431640625,"y":133.27459716796876,"z":48.11314010620117},"rotation":{"x":-0.07133863866329193,"y":0.6643858551979065,"z":-0.06401900947093964,"w":-0.741217851638794},"size":1347.4879150390625,"orthographic":false}