{"cameraMode":{"drawMode":0,"name":"Shaded","section":"Shading Mode"},"sceneLighting":false,"audioPlay":false,"sceneViewState":{"showFog":true,"showMaterialUpdate":false,"showSkybox":true,"showFlares":true,"showImageEffects":true,"showParticleSystems":true},"in2DMode":false,"pivot":{"x":1.6457631587982178,"y":0.9766550064086914,"z":1.1445693969726563},"rotation":{"x":-0.052988968789577487,"y":0.8900461196899414,"z":-0.10734543949365616,"w":-0.4398716688156128},"size":998.9562377929688,"orthographic":false}