{"cameraMode":{"drawMode":0,"name":"Shaded","section":"Shading Mode"},"sceneLighting":false,"audioPlay":false,"sceneViewState":{"showFog":true,"showMaterialUpdate":false,"showSkybox":true,"showFlares":true,"showImageEffects":true,"showParticleSystems":true},"in2DMode":false,"pivot":{"x":9304.400390625,"y":3775.3740234375,"z":3941.755126953125},"rotation":{"x":0.21179771423339845,"y":-0.09743689745664597,"z":0.021235495805740358,"w":0.9722123742103577},"size":3093.242919921875,"orthographic":false}