{"cameraMode":{"drawMode":0,"name":"Shaded","section":"Shading Mode"},"sceneLighting":false,"audioPlay":false,"sceneViewState":{"showFog":true,"showMaterialUpdate":false,"showSkybox":true,"showFlares":true,"showImageEffects":true,"showParticleSystems":true},"in2DMode":false,"pivot":{"x":9509.865234375,"y":3848.9892578125,"z":3826.274658203125},"rotation":{"x":-0.29209932684898379,"y":-0.6427822113037109,"z":-0.2911360561847687,"w":0.6455608606338501},"size":2.365933895111084,"orthographic":false}