{"cameraMode":{"drawMode":0,"name":"Shaded","section":"Shading Mode"},"sceneLighting":false,"audioPlay":false,"sceneViewState":{"showFog":true,"showMaterialUpdate":false,"showSkybox":true,"showFlares":true,"showImageEffects":true,"showParticleSystems":true},"in2DMode":false,"pivot":{"x":9509.8671875,"y":3848.4658203125,"z":3826.2744140625},"rotation":{"x":0.022658543661236764,"y":0.9684089422225952,"z":0.09681788831949234,"w":-0.22868530452251435},"size":2.3120288848876955,"orthographic":false}