{"cameraMode":{"drawMode":0,"name":"Shaded","section":"Shading Mode"},"sceneLighting":false,"audioPlay":false,"sceneViewState":{"showFog":true,"showMaterialUpdate":false,"showSkybox":true,"showFlares":true,"showImageEffects":true,"showParticleSystems":true},"in2DMode":false,"pivot":{"x":9508.8173828125,"y":3848.455078125,"z":3826.2744140625},"rotation":{"x":0.0017385761020705104,"y":0.9893622398376465,"z":-0.1449771225452423,"w":0.011872689239680767},"size":1877.488525390625,"orthographic":false}