{"cameraMode":{"drawMode":0,"name":"Shaded","section":"Shading Mode"},"sceneLighting":false,"audioPlay":false,"sceneViewState":{"showFog":true,"showMaterialUpdate":false,"showSkybox":true,"showFlares":true,"showImageEffects":true,"showParticleSystems":true},"in2DMode":false,"pivot":{"x":9509.8671875,"y":3848.4658203125,"z":3826.2744140625},"rotation":{"x":-0.04171419143676758,"y":0.8884181976318359,"z":0.08196418732404709,"w":0.4497275948524475},"size":2.3120288848876955,"orthographic":false}