{"cameraMode":{"drawMode":0,"name":"Shaded","section":"Shading Mode"},"sceneLighting":false,"audioPlay":false,"sceneViewState":{"showFog":true,"showMaterialUpdate":false,"showSkybox":true,"showFlares":true,"showImageEffects":true,"showParticleSystems":true},"in2DMode":false,"pivot":{"x":8308.0654296875,"y":-2370.529052734375,"z":10695.2138671875},"rotation":{"x":-0.21490378677845,"y":-0.29433056712150576,"z":0.06813221424818039,"w":-0.9287324547767639},"size":13412.56640625,"orthographic":false}