{"cameraMode":{"drawMode":0,"name":"Shaded","section":"Shading Mode"},"sceneLighting":false,"audioPlay":false,"sceneViewState":{"showFog":true,"showMaterialUpdate":false,"showSkybox":true,"showFlares":true,"showImageEffects":true,"showParticleSystems":true},"in2DMode":false,"pivot":{"x":-0.699765682220459,"y":-0.19070255756378175,"z":0.5186491012573242},"rotation":{"x":-0.07655954360961914,"y":0.8933351039886475,"z":-0.16671599447727204,"w":-0.4102400541305542},"size":1152.435546875,"orthographic":false}