{"cameraMode":{"drawMode":0,"name":"Shaded","section":"Shading Mode"},"sceneLighting":false,"audioPlay":false,"sceneViewState":{"showFog":true,"showMaterialUpdate":false,"showSkybox":true,"showFlares":true,"showImageEffects":true,"showParticleSystems":true},"in2DMode":false,"pivot":{"x":61054.32421875,"y":-4747.904296875,"z":52149.65625},"rotation":{"x":0.4357554316520691,"y":0.008657808415591717,"z":-0.004220144357532263,"w":0.9000136256217957},"size":2.8578836917877199,"orthographic":false}