{"cameraMode":{"drawMode":0,"name":"Shaded","section":"Shading Mode"},"sceneLighting":false,"audioPlay":false,"sceneViewState":{"showFog":true,"showMaterialUpdate":false,"showSkybox":true,"showFlares":true,"showImageEffects":true,"showParticleSystems":true},"in2DMode":false,"pivot":{"x":-7.50006103515625,"y":-28.873931884765626,"z":-221.66275024414063},"rotation":{"x":0.016121257096529008,"y":-0.9773047566413879,"z":0.08081463724374771,"w":0.19515271484851838},"size":4176.77783203125,"orthographic":false}