{"cameraMode":{"drawMode":0,"name":"Shaded","section":"Shading Mode"},"sceneLighting":false,"audioPlay":false,"sceneViewState":{"showFog":true,"showMaterialUpdate":false,"showSkybox":true,"showFlares":true,"showImageEffects":true,"showParticleSystems":true},"in2DMode":false,"pivot":{"x":-2.9802322387695315e-8,"y":0.09173701703548432,"z":-0.03150482475757599},"rotation":{"x":-0.032146699726581576,"y":0.9570621848106384,"z":-0.11685971915721894,"w":-0.2633295953273773},"size":1.6809840202331544,"orthographic":false}