{"cameraMode":{"drawMode":0,"name":"Shaded","section":"Shading Mode"},"sceneLighting":false,"audioPlay":false,"sceneViewState":{"showFog":true,"showMaterialUpdate":false,"showSkybox":true,"showFlares":true,"showImageEffects":true,"showParticleSystems":true},"in2DMode":false,"pivot":{"x":-2.9802322387695315e-8,"y":0.09173701703548432,"z":-0.03150482475757599},"rotation":{"x":-0.02327476069331169,"y":0.9663690328598023,"z":-0.0945216566324234,"w":-0.2380228042602539},"size":3.180983781814575,"orthographic":false}