{"cameraMode":{"drawMode":0,"name":"Shaded","section":"Shading Mode"},"sceneLighting":false,"audioPlay":false,"sceneViewState":{"showFog":true,"showMaterialUpdate":false,"showSkybox":true,"showFlares":true,"showImageEffects":true,"showParticleSystems":true},"in2DMode":false,"pivot":{"x":-13.5367431640625,"y":133.27459716796876,"z":48.11314010620117},"rotation":{"x":-0.07242009788751602,"y":0.8512929081916809,"z":-0.12216504663228989,"w":-0.5051053166389465},"size":1347.4879150390625,"orthographic":false}