{"cameraMode":{"drawMode":0,"name":"Shaded","section":"Shading Mode"},"sceneLighting":false,"audioPlay":false,"sceneViewState":{"showFog":true,"showMaterialUpdate":false,"showSkybox":true,"showFlares":true,"showImageEffects":true,"showParticleSystems":true},"in2DMode":false,"pivot":{"x":63199.80078125,"y":4853.482421875,"z":28994.9609375},"rotation":{"x":-0.5425894260406494,"y":-0.028990181162953378,"z":0.018762843683362008,"w":-0.8392879366874695},"size":28010.55859375,"orthographic":false}