{"cameraMode":{"drawMode":0,"name":"Shaded","section":"Shading Mode"},"sceneLighting":false,"audioPlay":false,"sceneViewState":{"showFog":true,"showMaterialUpdate":false,"showSkybox":true,"showFlares":true,"showImageEffects":true,"showParticleSystems":true},"in2DMode":false,"pivot":{"x":-0.699765682220459,"y":-0.19070255756378175,"z":0.5186491012573242},"rotation":{"x":-0.07655953615903855,"y":0.8933350443840027,"z":-0.16671597957611085,"w":-0.4102400243282318},"size":1152.435546875,"orthographic":false}