{"cameraMode":{"drawMode":0,"name":"Shaded","section":"Shading Mode"},"sceneLighting":false,"audioPlay":false,"sceneViewState":{"showFog":true,"showMaterialUpdate":false,"showSkybox":true,"showFlares":true,"showImageEffects":true,"showParticleSystems":true},"in2DMode":false,"pivot":{"x":3266.61572265625,"y":428.305908203125,"z":4841.4228515625},"rotation":{"x":0.32914650440216067,"y":0.0031236447393894197,"z":-0.001116011175327003,"w":0.944273054599762},"size":5798.90966796875,"orthographic":false}