{"cameraMode":{"drawMode":0,"name":"Shaded","section":"Shading Mode"},"sceneLighting":false,"audioPlay":false,"sceneViewState":{"showFog":true,"showMaterialUpdate":false,"showSkybox":true,"showFlares":true,"showImageEffects":true,"showParticleSystems":true},"in2DMode":false,"pivot":{"x":-0.08945992588996887,"y":0.26545384526252749,"z":0.37514495849609377},"rotation":{"x":0.004017379600554705,"y":0.9875358939170837,"z":-0.15531501173973084,"w":0.025178954005241395},"size":3.986943483352661,"orthographic":false}