{"cameraMode":{"drawMode":0,"name":"Shaded","section":"Shading Mode"},"sceneLighting":false,"audioPlay":false,"sceneViewState":{"showFog":true,"showMaterialUpdate":false,"showSkybox":true,"showFlares":true,"showImageEffects":true,"showParticleSystems":true},"in2DMode":false,"pivot":{"x":-2.9802322387695315e-8,"y":0.09173701703548432,"z":-0.03150482475757599},"rotation":{"x":0.06395378708839417,"y":-0.7878273129463196,"z":0.08303242176771164,"w":0.6069132685661316},"size":785.9323120117188,"orthographic":false}