{"cameraMode":{"drawMode":0,"name":"Shaded","section":"Shading Mode"},"sceneLighting":false,"audioPlay":false,"sceneViewState":{"showFog":true,"showMaterialUpdate":false,"showSkybox":true,"showFlares":true,"showImageEffects":true,"showParticleSystems":true},"in2DMode":false,"pivot":{"x":-0.05634927749633789,"y":-0.05567753314971924,"z":0.6752145290374756},"rotation":{"x":-0.032146699726581576,"y":0.9570621848106384,"z":-0.11685971915721894,"w":-0.2633295953273773},"size":12.591679573059082,"orthographic":false}