{"cameraMode":{"drawMode":0,"name":"Shaded","section":"Shading Mode"},"sceneLighting":false,"audioPlay":false,"sceneViewState":{"showFog":true,"showMaterialUpdate":false,"showSkybox":true,"showFlares":true,"showImageEffects":true,"showParticleSystems":true},"in2DMode":false,"pivot":{"x":0.0,"y":0.7753949761390686,"z":0.03435632586479187},"rotation":{"x":0.0017303773202002049,"y":0.99000483751297,"z":0.011874895542860031,"w":-0.14052198827266694},"size":4.73664665222168,"orthographic":false}