{"cameraMode":{"drawMode":0,"name":"Shaded","section":"Shading Mode"},"sceneLighting":false,"audioPlay":false,"sceneViewState":{"showFog":true,"showMaterialUpdate":false,"showSkybox":true,"showFlares":true,"showImageEffects":true,"showParticleSystems":true},"in2DMode":false,"pivot":{"x":3599.90478515625,"y":807.950439453125,"z":5888.20654296875},"rotation":{"x":-0.12209216505289078,"y":0.6867045164108276,"z":-0.11853480339050293,"w":-0.7067389488220215},"size":23780.07421875,"orthographic":false}