{"cameraMode":{"drawMode":0,"name":"Shaded","section":"Shading Mode"},"sceneLighting":false,"audioPlay":false,"sceneViewState":{"showFog":true,"showMaterialUpdate":false,"showSkybox":true,"showFlares":true,"showImageEffects":true,"showParticleSystems":true},"in2DMode":false,"pivot":{"x":9509.8671875,"y":3854.80419921875,"z":3830.6435546875},"rotation":{"x":-0.0025691729970276357,"y":0.9707230925559998,"z":-0.009564397856593132,"w":-0.23999707400798798},"size":2055.72314453125,"orthographic":false}