{"cameraMode":{"drawMode":0,"name":"Shaded","section":"Shading Mode"},"sceneLighting":false,"audioPlay":false,"sceneViewState":{"showFog":true,"showMaterialUpdate":false,"showSkybox":true,"showFlares":true,"showImageEffects":true,"showParticleSystems":true},"in2DMode":false,"pivot":{"x":-2.9802322387695315e-8,"y":0.09173701703548432,"z":-0.03150482475757599},"rotation":{"x":0.01374626625329256,"y":0.9847202301025391,"z":-0.09184245765209198,"w":0.14731650054454804},"size":3.180983781814575,"orthographic":false}