{"cameraMode":{"drawMode":0,"name":"Shaded","section":"Shading Mode"},"sceneLighting":false,"audioPlay":false,"sceneViewState":{"showFog":true,"showMaterialUpdate":false,"showSkybox":true,"showFlares":true,"showImageEffects":true,"showParticleSystems":true},"in2DMode":false,"pivot":{"x":9509.86328125,"y":3848.440185546875,"z":3826.2783203125},"rotation":{"x":0.026649802923202516,"y":0.9264434576034546,"z":-0.06681961566209793,"w":0.36949631571769717},"size":3.1183669567108156,"orthographic":false}