{"cameraMode":{"drawMode":0,"name":"Shaded","section":"Shading Mode"},"sceneLighting":false,"audioPlay":false,"sceneViewState":{"showFog":true,"showMaterialUpdate":false,"showSkybox":true,"showFlares":true,"showImageEffects":true,"showParticleSystems":true},"in2DMode":false,"pivot":{"x":5719.8466796875,"y":212.19833374023438,"z":5698.9453125},"rotation":{"x":-0.33009061217308047,"y":-0.050371889024972919,"z":0.017674479633569719,"w":-0.9424386024475098},"size":7562.33447265625,"orthographic":false}