{"cameraMode":{"drawMode":0,"name":"Shaded","section":"Shading Mode"},"sceneLighting":false,"audioPlay":false,"sceneViewState":{"showFog":true,"showMaterialUpdate":false,"showSkybox":true,"showFlares":true,"showImageEffects":true,"showParticleSystems":true},"in2DMode":false,"pivot":{"x":-13.5367431640625,"y":133.27459716796876,"z":48.11314010620117},"rotation":{"x":-0.10064150393009186,"y":0.7523579597473145,"z":-0.11836528778076172,"w":-0.6401706337928772},"size":1347.4879150390625,"orthographic":false}