{"cameraMode":{"drawMode":0,"name":"Shaded","section":"Shading Mode"},"sceneLighting":false,"audioPlay":false,"sceneViewState":{"showFog":true,"showMaterialUpdate":false,"showSkybox":true,"showFlares":true,"showImageEffects":true,"showParticleSystems":true},"in2DMode":false,"pivot":{"x":9509.8671875,"y":3848.455078125,"z":3826.2744140625},"rotation":{"x":-0.03940332308411598,"y":-0.9556796550750732,"z":-0.15182198584079743,"w":0.24914641678333283},"size":1.9928151369094849,"orthographic":false}