{"cameraMode":{"drawMode":0,"name":"Shaded","section":"Shading Mode"},"sceneLighting":false,"audioPlay":false,"sceneViewState":{"showFog":true,"showMaterialUpdate":false,"showSkybox":true,"showFlares":true,"showImageEffects":true,"showParticleSystems":true},"in2DMode":false,"pivot":{"x":1.1920928955078126e-7,"y":0.6470749974250794,"z":-1.7881393432617188e-7},"rotation":{"x":0.08355061709880829,"y":-0.09225007146596909,"z":-0.007653561886399984,"w":-0.9921948909759522},"size":5.574077129364014,"orthographic":false}