{"cameraMode":{"drawMode":0,"name":"Shaded","section":"Shading Mode"},"sceneLighting":false,"audioPlay":false,"sceneViewState":{"showFog":true,"showMaterialUpdate":false,"showSkybox":true,"showFlares":true,"showImageEffects":true,"showParticleSystems":true},"in2DMode":false,"pivot":{"x":-7.50006103515625,"y":-28.873931884765626,"z":-221.66275024414063},"rotation":{"x":0.00724032474681735,"y":-0.9628599286079407,"z":0.026008231565356256,"w":0.2686484754085541},"size":4176.77783203125,"orthographic":false}