{"cameraMode":{"drawMode":0,"name":"Shaded","section":"Shading Mode"},"sceneLighting":false,"audioPlay":false,"sceneViewState":{"showFog":true,"showMaterialUpdate":false,"showSkybox":true,"showFlares":true,"showImageEffects":true,"showParticleSystems":true},"in2DMode":false,"pivot":{"x":1.6457631587982178,"y":0.9766550064086914,"z":1.1445693969726563},"rotation":{"x":-0.04431067034602165,"y":0.9036059975624085,"z":-0.09662233293056488,"w":-0.4149661064147949},"size":1378.8685302734375,"orthographic":false}