{"cameraMode":{"drawMode":0,"name":"Shaded","section":"Shading Mode"},"sceneLighting":false,"audioPlay":false,"sceneViewState":{"showFog":true,"showMaterialUpdate":false,"showSkybox":true,"showFlares":true,"showImageEffects":true,"showParticleSystems":true},"in2DMode":false,"pivot":{"x":-0.699765682220459,"y":-0.19070255756378175,"z":0.5186491012573242},"rotation":{"x":-0.05877407267689705,"y":0.5498285293579102,"z":-0.038827065378427508,"w":-0.8323020935058594},"size":5.719995021820068,"orthographic":false}