{"cameraMode":{"drawMode":0,"name":"Shaded","section":"Shading Mode"},"sceneLighting":false,"audioPlay":false,"sceneViewState":{"showFog":true,"showMaterialUpdate":false,"showSkybox":true,"showFlares":true,"showImageEffects":true,"showParticleSystems":true},"in2DMode":false,"pivot":{"x":9509.845703125,"y":3848.568359375,"z":3826.351806640625},"rotation":{"x":0.0028526070527732374,"y":-0.9879178404808044,"z":-0.15385888516902924,"w":-0.01837262324988842},"size":1.0572956800460816,"orthographic":false}