{"cameraMode":{"drawMode":0,"name":"Shaded","section":"Shading Mode"},"sceneLighting":false,"audioPlay":false,"sceneViewState":{"showFog":true,"showMaterialUpdate":false,"showSkybox":true,"showFlares":true,"showImageEffects":true,"showParticleSystems":true},"in2DMode":false,"pivot":{"x":0.00006103515625,"y":339.71307373046877,"z":-0.000091552734375},"rotation":{"x":-0.2053917497396469,"y":-0.354242742061615,"z":0.08018510043621063,"w":-0.9087886214256287},"size":2926.38818359375,"orthographic":false}