{"cameraMode":{"drawMode":0,"name":"Shaded","section":"Shading Mode"},"sceneLighting":false,"audioPlay":false,"sceneViewState":{"showFog":true,"showMaterialUpdate":false,"showSkybox":true,"showFlares":true,"showImageEffects":true,"showParticleSystems":true},"in2DMode":false,"pivot":{"x":9508.8173828125,"y":3848.455078125,"z":3826.2744140625},"rotation":{"x":0.028138061985373498,"y":0.9717246890068054,"z":-0.15731552243232728,"w":0.17381402850151063},"size":1877.488525390625,"orthographic":false}