{"cameraMode":{"drawMode":0,"name":"Shaded","section":"Shading Mode"},"sceneLighting":false,"audioPlay":false,"sceneViewState":{"showFog":true,"showMaterialUpdate":false,"showSkybox":true,"showFlares":true,"showImageEffects":true,"showParticleSystems":true},"in2DMode":false,"pivot":{"x":9509.86328125,"y":3848.440185546875,"z":3826.2783203125},"rotation":{"x":0.03277948126196861,"y":0.9470877647399902,"z":-0.10268538445234299,"w":0.30233439803123476},"size":3.1183669567108156,"orthographic":false}