{"cameraMode":{"drawMode":0,"name":"Shaded","section":"Shading Mode"},"sceneLighting":false,"audioPlay":false,"sceneViewState":{"showFog":true,"showMaterialUpdate":false,"showSkybox":true,"showFlares":true,"showImageEffects":true,"showParticleSystems":true},"in2DMode":false,"pivot":{"x":1.6457631587982178,"y":0.9766550064086914,"z":1.1445693969726563},"rotation":{"x":-0.011131021194159985,"y":0.9343715310096741,"z":-0.029461588710546495,"w":-0.35490578413009646},"size":7.098707675933838,"orthographic":false}