{"cameraMode":{"drawMode":0,"name":"Shaded","section":"Shading Mode"},"sceneLighting":false,"audioPlay":false,"sceneViewState":{"showFog":true,"showMaterialUpdate":false,"showSkybox":true,"showFlares":true,"showImageEffects":true,"showParticleSystems":true},"in2DMode":false,"pivot":{"x":-0.1902778148651123,"y":1.3358403444290162,"z":-1.1545157432556153},"rotation":{"x":0.002016867743805051,"y":0.9978134036064148,"z":-0.03593631833791733,"w":0.0554354265332222},"size":5.56561279296875,"orthographic":false}