{"cameraMode":{"drawMode":0,"name":"Shaded","section":"Shading Mode"},"sceneLighting":false,"audioPlay":false,"sceneViewState":{"showFog":true,"showMaterialUpdate":false,"showSkybox":true,"showFlares":true,"showImageEffects":true,"showParticleSystems":true},"in2DMode":false,"pivot":{"x":-7.50006103515625,"y":-28.873931884765626,"z":-221.66275024414063},"rotation":{"x":0.11462073028087616,"y":0.1032344177365303,"z":0.011961044743657112,"w":-0.9879583716392517},"size":4176.77783203125,"orthographic":false}