{"cameraMode":{"drawMode":0,"name":"Shaded","section":"Shading Mode"},"sceneLighting":false,"audioPlay":false,"sceneViewState":{"showFog":true,"showMaterialUpdate":false,"showSkybox":true,"showFlares":true,"showImageEffects":true,"showParticleSystems":true},"in2DMode":false,"pivot":{"x":3751.71240234375,"y":102.3251953125,"z":5722.19140625},"rotation":{"x":0.2625008523464203,"y":0.39236828684806826,"z":-0.11792412400245667,"w":0.8736328482627869},"size":7401.44677734375,"orthographic":false}