{"cameraMode":{"drawMode":0,"name":"Shaded","section":"Shading Mode"},"sceneLighting":false,"audioPlay":false,"sceneViewState":{"showFog":true,"showMaterialUpdate":false,"showSkybox":true,"showFlares":true,"showImageEffects":true,"showParticleSystems":true},"in2DMode":false,"pivot":{"x":9509.845703125,"y":3848.568359375,"z":3826.351806640625},"rotation":{"x":0.008151911199092865,"y":-0.9824144840240479,"z":0.04424060508608818,"w":0.18121293187141419},"size":1.0572956800460816,"orthographic":false}