{"cameraMode":{"drawMode":0,"name":"Shaded","section":"Shading Mode"},"sceneLighting":false,"audioPlay":false,"sceneViewState":{"showFog":true,"showMaterialUpdate":false,"showSkybox":true,"showFlares":true,"showImageEffects":true,"showParticleSystems":true},"in2DMode":false,"pivot":{"x":-2.846637725830078,"y":183.78573608398438,"z":737.1486206054688},"rotation":{"x":-0.05076872557401657,"y":-0.47605255246162417,"z":0.027773994952440263,"w":-0.8775107860565186},"size":1507.3323974609375,"orthographic":false}