{"cameraMode":{"drawMode":0,"name":"Shaded","section":"Shading Mode"},"sceneLighting":false,"audioPlay":false,"sceneViewState":{"showFog":true,"showMaterialUpdate":false,"showSkybox":true,"showFlares":true,"showImageEffects":true,"showParticleSystems":true},"in2DMode":false,"pivot":{"x":-0.1902778148651123,"y":1.3358403444290162,"z":-1.1545157432556153},"rotation":{"x":0.002817021682858467,"y":-0.9946407675743103,"z":0.028357025235891343,"w":0.09938676655292511},"size":5.56561279296875,"orthographic":false}