{"cameraMode":{"drawMode":0,"name":"Shaded","section":"Shading Mode"},"sceneLighting":false,"audioPlay":false,"sceneViewState":{"showFog":true,"showMaterialUpdate":false,"showSkybox":true,"showFlares":true,"showImageEffects":true,"showParticleSystems":true},"in2DMode":false,"pivot":{"x":-0.1902778148651123,"y":1.3358403444290162,"z":-1.1545157432556153},"rotation":{"x":0.00039138144347816706,"y":0.9987470507621765,"z":0.007489120587706566,"w":-0.049477871507406238},"size":8.924546241760254,"orthographic":false}