{"cameraMode":{"drawMode":0,"name":"Shaded","section":"Shading Mode"},"sceneLighting":false,"audioPlay":false,"sceneViewState":{"showFog":true,"showMaterialUpdate":false,"showSkybox":true,"showFlares":true,"showImageEffects":true,"showParticleSystems":true},"in2DMode":false,"pivot":{"x":-2.9802322387695315e-8,"y":0.09173701703548432,"z":-0.03150482475757599},"rotation":{"x":0.021024247631430627,"y":-0.9782973527908325,"z":0.16290082037448884,"w":0.12631537020206452},"size":660.2767944335938,"orthographic":false}