{"cameraMode":{"drawMode":0,"name":"Shaded","section":"Shading Mode"},"sceneLighting":false,"audioPlay":false,"sceneViewState":{"showFog":true,"showMaterialUpdate":false,"showSkybox":true,"showFlares":true,"showImageEffects":true,"showParticleSystems":true},"in2DMode":false,"pivot":{"x":-0.23000019788742066,"y":-0.05294299125671387,"z":-0.846651017665863},"rotation":{"x":-0.032146699726581576,"y":0.9570621848106384,"z":-0.11685971915721894,"w":-0.2633295953273773},"size":6.758362293243408,"orthographic":false}