{"cameraMode":{"drawMode":0,"name":"Shaded","section":"Shading Mode"},"sceneLighting":false,"audioPlay":false,"sceneViewState":{"showFog":true,"showMaterialUpdate":false,"showSkybox":true,"showFlares":true,"showImageEffects":true,"showParticleSystems":true},"in2DMode":false,"pivot":{"x":-7.50006103515625,"y":-28.873931884765626,"z":-221.66275024414063},"rotation":{"x":-0.1686861664056778,"y":0.00651543028652668,"z":-0.0011312003480270506,"w":-0.9856476187705994},"size":4766.3974609375,"orthographic":false}