{"cameraMode":{"drawMode":0,"name":"Shaded","section":"Shading Mode"},"sceneLighting":false,"audioPlay":false,"sceneViewState":{"showFog":true,"showMaterialUpdate":false,"showSkybox":true,"showFlares":true,"showImageEffects":true,"showParticleSystems":true},"in2DMode":false,"pivot":{"x":-0.08945992588996887,"y":0.26545384526252749,"z":0.37514495849609377},"rotation":{"x":-0.016274765133857728,"y":0.9836136102676392,"z":-0.13210391998291017,"w":-0.12160579860210419},"size":3.986943483352661,"orthographic":false}